Date,Suhu_Rata_rata,Kelembaban_Rata_rata,Curah_Hujan,Kecepatan_Angin_Rata_rata
2013-01-01,26.5,91,29,4
2013-01-02,26.3,91,77,4
2013-01-03,27.4,85,12,4
2013-01-04,28.5,84,13,3
2013-01-05,26.6,90,37,2
2013-01-06,27.2,86,28,3
2013-01-07,26.9,86,2,7
2013-01-08,26.5,87,56,10
2013-01-09,27.1,80,18,13
2013-01-10,28.1,78,2,8
2013-01-11,28.7,79,1,4
2013-01-12,28.7,81,1,3
2013-01-13,27.9,79,0,2
2013-01-14,27.9,84,0,3
2013-01-15,26.9,86,103,3
2013-01-16,26.8,88,10,3
2013-01-17,27.9,82,3,4
2013-01-18,27.6,86,0,5
2013-01-19,27.6,84,21,5
2013-01-20,27.3,82,14,6
2013-01-21,28.7,79,18,7
2013-01-22,28.7,79,2,6
2013-01-23,27.7,84,1,5
2013-01-24,27.8,82,10,4
2013-01-25,26,86,36,4
2013-01-26,27.4,84,6,4
2013-01-27,28.1,82,6,4
2013-01-28,27.5,87,18,3
2013-01-29,28.2,83,11,5
2013-01-30,27.8,86,59,4
2013-01-31,27.6,84,70,3
2013-02-01,26.5,87,7,2
2013-02-02,27,86,16,2
2013-02-03,27.5,84,1,3
2013-02-04,28,76,0,3
2013-02-05,27.9,80,0,2
2013-02-06,28.3,77,0,2
2013-02-07,28.1,80,0,2
2013-02-08,28.3,81,0,3
2013-02-09,28.3,74,0,2
2013-02-10,28.6,77,0,2
2013-02-11,28,77,0,3
2013-02-12,28,77,0,2
2013-02-13,27.5,79,0,2
2013-02-14,27.3,84,14,2
2013-02-15,28.4,79,0,3
2013-02-16,27.9,84,0,2
2013-02-17,28.3,78,1,4
2013-02-18,27.1,85,19,2
2013-02-19,27.8,80,0,2
2013-02-20,25,90,30,5
2013-02-21,26.2,86,24,4
2013-02-22,28,80,13,3
2013-02-23,28.6,81,12,4
2013-02-24,27.9,84,12,6
2013-02-25,29.7,73,7,9
2013-02-26,29.4,78,0,9
2013-02-27,29.5,75,8,9
2013-02-28,28.8,78,7,6
2013-03-01,28.7,78,0,2
2013-03-02,28.1,84,0,2
2013-03-03,27.9,85,0,3
2013-03-04,28.2,84,5,5
2013-03-05,28.5,79,8888,9
2013-03-06,27,83,27,7
2013-03-07,27.4,82,8888,3
2013-03-08,27.4,86,11,2
2013-03-09,28.2,82,5,3
2013-03-10,28.2,80,1,3
2013-03-11,27.7,76,0,3
2013-03-12,27.9,82,2,3
2013-03-13,28,79,4,3
2013-03-14,26.8,81,0,3
2013-03-15,26.2,86,3,3
2013-03-16,26,88,40,2
2013-03-17,27,85,5,2
2013-03-18,27.7,83,1,2
2013-03-19,27.3,86,0,3
2013-03-20,28.2,82,1,2
2013-03-21,28.5,79,0,2
2013-03-22,28.5,82,0,3
2013-03-23,28.6,79,8888,3
2013-03-24,28.1,80,0,3
2013-03-25,27.4,77,1,2
2013-03-26,27.5,82,0,2
2013-03-27,28.6,76,0,2
2013-03-28,27.6,80,0,2
2013-03-29,28.2,80,12,2
2013-03-30,27.7,85,0,2
2013-03-31,27.5,82,0,2
2013-04-01,28.2,78,4,2
2013-04-02,28.1,81,0,2
2013-04-03,28.3,81,0,2
2013-04-04,28.5,78,0,2
2013-04-05,29.1,78,0,3
2013-04-06,29,78,0,3
2013-04-07,28.4,83,0,3
2013-04-08,27.4,86,2,3
2013-04-09,27.2,85,40,2
2013-04-10,28,84,0,3
2013-04-11,26.3,90,1,3
2013-04-12,27.9,86,13,3
2013-04-13,27.5,84,0,2
2013-04-14,27.8,84,2,3
2013-04-15,28.4,84,0,4
2013-04-16,28.4,78,0,4
2013-04-17,28.3,81,0,4
2013-04-18,28.2,81,0,3
2013-04-19,27.4,81,8888,3
2013-04-20,27.2,85,3,3
2013-04-21,27.7,78,0,3
2013-04-22,27.7,80,0,3
2013-04-23,28.7,86,7,4
2013-04-24,28.5,79,0,3
2013-04-25,27.2,73,0,3
2013-04-26,27.9,76,0,3
2013-04-27,26.8,76,0,3
2013-04-28,27.3,79,0,3
2013-04-29,27.5,84,0,4
2013-04-30,27.4,81,0,4
2013-05-01,28.1,78,9,4
2013-05-02,27.5,77,0,4
2013-05-03,27.3,81,0,3
2013-05-04,28,80,0,3
2013-05-05,28,82,0,4
2013-05-06,29.3,80,5,4
2013-05-07,28.6,82,0,4
2013-05-08,27.7,84,0,2
2013-05-09,27.5,86,7,3
2013-05-10,28.2,80,2,3
2013-05-11,26.9,79,0,3
2013-05-12,27.4,84,0,3
2013-05-13,27.5,84,4,3
2013-05-14,27.5,85,0,2
2013-05-15,26.6,87,20,2
2013-05-16,27.6,81,0,2
2013-05-17,27.9,80,0,2
2013-05-18,27.5,83,0,2
2013-05-19,27.7,82,0,2
2013-05-20,27.6,82,0,2
2013-05-21,27.5,86,33,2
2013-05-22,27.7,82,0,2
2013-05-23,27.5,80,1,2
2013-05-24,26.9,86,26,2
2013-05-25,27.3,83,0,2
2013-05-26,26.5,86,0,2
2013-05-27,27.2,85,14,2
2013-05-28,26.3,84,0,2
2013-05-29,26.5,89,9,3
2013-05-30,26.9,84,5,2
2013-05-31,27.4,82,0,2
2013-06-01,27.8,83,0,4
2013-06-02,28.2,78,0,2
2013-06-03,27.7,80,0,2
2013-06-04,28.1,79,0,2
2013-06-05,27.5,78,0,2
2013-06-06,27.9,82,0,3
2013-06-07,27.6,84,0,2
2013-06-08,27.9,82,0,3
2013-06-09,27.2,84,12,2
2013-06-10,27.4,86,1,4
2013-06-11,28.5,83,0,3
2013-06-12,27.8,84,3,5
2013-06-13,28.2,81,1,4
2013-06-14,28.4,76,0,4
2013-06-15,26.5,88,18,3
2013-06-16,27.3,85,1,4
2013-06-17,26.9,85,0,2
2013-06-18,26.9,88,19,2
2013-06-19,27.9,84,0,2
2013-06-20,27.7,80,0,4
2013-06-21,28,84,0,2
2013-06-22,27.4,81,0,2
2013-06-23,27.9,80,0,2
2013-06-24,27.6,78,0,2
2013-06-25,27,83,0,2
2013-06-26,26.9,80,0,2
2013-06-27,25.9,86,0,4
2013-06-28,25.1,93,94,2
2013-06-29,26.3,88,40,3
2013-06-30,27.1,82,0,5
2013-07-01,27.3,75,0,5
2013-07-02,27.5,82,0,5
2013-07-03,28.3,75,1,6
2013-07-04,27.9,75,0,5
2013-07-05,27.6,70,0,4
2013-07-06,26.7,74,0,4
2013-07-07,27.3,72,0,4
2013-07-08,27.6,78,0,4
2013-07-09,26.9,88,18,4
2013-07-10,27.2,84,14,4
2013-07-11,27.3,85,37,3
2013-07-12,26.2,86,0,5
2013-07-13,27.5,78,0,4
2013-07-14,26.9,85,10,5
2013-07-15,27.4,78,32,5
2013-07-16,27.6,79,0,6
2013-07-17,27.2,72,1,4
2013-07-18,26.6,70,0,4
2013-07-19,25.6,71,0,5
2013-07-20,25.7,80,0,4
2013-07-21,26.9,76,0,5
2013-07-22,26.9,80,8888,5
2013-07-23,27.2,82,0,5
2013-07-24,27.1,81,0,6
2013-07-25,26.7,79,0,5
2013-07-26,26.5,81,0,4
2013-07-27,26.4,78,0,4
2013-07-28,25.8,70,0,3
2013-07-29,25,70,0,3
2013-07-30,24.5,76,0,3
2013-07-31,25.8,79,8888,4
2013-08-01,26.9,74,0,5
2013-08-02,26.7,72,0,5
2013-08-03,26.6,70,0,5
2013-08-04,26.4,77,8888,5
2013-08-05,26.6,79,8888,5
2013-08-06,26.4,76,1,5
2013-08-07,26.2,77,0,5
2013-08-08,26.2,80,0,4
2013-08-09,26.4,75,0,5
2013-08-10,26,72,0,4
2013-08-11,23.4,70,0,4
2013-08-12,25.5,63,0,3
2013-08-13,24.1,76,0,4
2013-08-14,26.2,81,8888,5
2013-08-15,26.7,80,0,3
2013-08-16,26.6,79,5,4
2013-08-17,24.9,79,0,3
2013-08-18,25.7,77,0,3
2013-08-19,26.5,68,0,4
2013-08-20,25.6,82,0,3
2013-08-21,26.1,78,0,2
2013-08-22,25.6,80,0,3
2013-08-23,26.4,79,0,3
2013-08-24,25.6,80,0,3
2013-08-25,25.8,80,0,3
2013-08-26,26.1,79,8888,4
2013-08-27,26.4,77,0,4
2013-08-28,26,80,0,4
2013-08-29,27,82,0,4
2013-08-30,27.3,80,0,5
2013-08-31,26.9,80,0,5
2013-09-01,27.2,77,0,6
2013-09-02,27.1,76,0,5
2013-09-03,27.1,76,0,5
2013-09-04,26.9,78,8888,5
2013-09-05,27,77,0,5
2013-09-06,26.4,76,0,3
2013-09-07,26.6,78,0,4
2013-09-08,26.7,77,0,4
2013-09-09,25.4,79,0,3
2013-09-10,25.3,76,0,3
2013-09-11,26.1,82,0,4
2013-09-12,26.8,82,0,4
2013-09-13,26.7,80,0,4
2013-09-14,27,72,8888,3
2013-09-15,26.1,78,1,3
2013-09-16,27,74,0,4
2013-09-17,26.8,76,0,3
2013-09-18,24.8,82,0,2
2013-09-19,26.4,74,0,3
2013-09-20,25.4,77,0,3
2013-09-21,26.3,77,0,2
2013-09-22,25.5,80,0,3
2013-09-23,26,80,0,4
2013-09-24,26.6,80,0,4
2013-09-25,26.4,78,0,3
2013-09-26,26.6,74,0,2
2013-09-27,25.6,78,0,2
2013-09-28,25.4,80,0,3
2013-09-29,25.7,76,0,3
2013-09-30,26.8,74,0,3
2013-10-01,27,73,8888,4
2013-10-02,27.6,76,0,4
2013-10-03,26.9,76,0,2
2013-10-04,26.5,78,0,2
2013-10-05,27,79,0,3
2013-10-06,27,81,0,2
2013-10-07,26.8,78,0,3
2013-10-08,26.3,76,0,2
2013-10-09,27.6,73,0,2
2013-10-10,27.3,74,0,3
2013-10-11,27,77,0,2
2013-10-12,26.7,80,0,3
2013-10-13,27.2,75,0,3
2013-10-14,26.5,76,0,3
2013-10-15,27.5,76,0,2
2013-10-16,28.4,78,0,3
2013-10-17,28.9,84,0,4
2013-10-18,28.2,82,0,3
2013-10-19,28.9,76,0,3
2013-10-20,28.5,79,0,3
2013-10-21,28.2,79,0,3
2013-10-22,28.8,70,0,2
2013-10-23,28.9,77,0,2
2013-10-24,27.8,80,0,3
2013-10-25,28,77,0,2
2013-10-26,28.4,79,0,2
2013-10-27,28.9,76,0,3
2013-10-28,28.3,83,10,3
2013-10-29,29,76,0,2
2013-10-30,28.8,73,0,2
2013-10-31,27.8,75,0,2
2013-11-01,28.5,73,0,2
2013-11-02,27.2,80,13,3
2013-11-03,28.8,81,2,4
2013-11-04,28.7,83,0,2
2013-11-05,29.2,76,0,2
2013-11-06,28.6,82,0,3
2013-11-07,28.5,76,8888,3
2013-11-08,29.2,76,0,3
2013-11-09,29.1,80,0,3
2013-11-10,29,76,0,3
2013-11-11,29.5,76,0,3
2013-11-12,29.4,72,0,2
2013-11-13,28.9,75,0,3
2013-11-14,28.2,77,6,2
2013-11-15,27.1,82,1,2
2013-11-16,27.8,81,2,1
2013-11-17,27.4,83,9,2
2013-11-18,27.3,85,2,3
2013-11-19,28,70,22,2
2013-11-20,26,85,8888,3
2013-11-21,27.9,77,65,5
2013-11-22,27.5,79,5,3
2013-11-23,27.8,73,0,2
2013-11-24,27.5,79,0,2
2013-11-25,27.9,80,8888,2
2013-11-26,27.5,81,13,2
2013-11-27,25.9,90,4,1
2013-11-28,27.8,78,29,2
2013-11-29,24.7,90,21,2
2013-11-30,27.1,75,4,2
2013-12-01,27.4,76,0,3
2013-12-02,28.7,70,0,2
2013-12-03,28.1,74,0,2
2013-12-04,28,77,0,2
2013-12-05,28,79,0,2
2013-12-06,28.4,78,0,2
2013-12-07,27.6,86,2,3
2013-12-08,27.9,83,8888,2
2013-12-09,27.6,84,0,2
2013-12-10,28.3,80,1,3
2013-12-11,28.1,83,0,2
2013-12-12,26.5,90,9,2
2013-12-13,27.3,84,3,2
2013-12-14,27,85,6,2
2013-12-15,27.1,86,0,2
2013-12-16,26.5,88,18,2
2013-12-17,27,82,103,2
2013-12-18,26.7,83,0,2
2013-12-19,27.7,84,8888,3
2013-12-20,27.1,88,25,2
2013-12-21,26.8,89,20,2
2013-12-22,26.3,92,9,3
2013-12-23,25.3,92,63,5
2013-12-24,26.8,86,92,3
2013-12-25,26.6,87,59,5
2013-12-26,28.5,72,9,6
2013-12-27,28.3,73,0,7
2013-12-28,28.5,76,1,7
2013-12-29,28.5,76,1,6
2013-12-30,28.5,84,7,4
2013-12-31,27.2,88,11,4
2014-01-01,25.2,91,79,5
2014-01-02,25.4,92,107,3
2014-01-03,27.2,84,23,2
2014-01-04,27,86,1,2
2014-01-05,26.7,84,1,2
2014-01-06,27.9,81,0,3
2014-01-07,28,82,0,1
2014-01-08,27.7,87,9,3
2014-01-09,29.1,80,1,5
2014-01-10,27.4,82,9,3
2014-01-11,27.8,80,0,2
2014-01-12,27.4,80,5,2
2014-01-13,27,87,1,5
2014-01-14,26.8,85,96,8
2014-01-15,28.4,81,42,9
2014-01-16,28.2,83,6,8
2014-01-17,28.9,77,1,7
2014-01-18,28.8,78,0,4
2014-01-19,28.5,80,1,6
2014-01-20,28.5,79,8,7
2014-01-21,28.4,78,5,8
2014-01-22,28.3,76,17,6
2014-01-23,26.7,85,24,4
2014-01-24,26.6,85,84,3
2014-01-25,26.6,80,4,5
2014-01-26,27.6,80,16,5
2014-01-27,27.5,82,2,5
2014-01-28,28.1,74,6,5
2014-01-29,28.4,77,0,6
2014-01-30,28.7,78,0,8
2014-01-31,27.7,83,4,9
2014-02-01,28.9,75,6,8
2014-02-02,28.8,74,8888,4
2014-02-03,27.7,82,20,3
2014-02-04,27.3,84,35,3
2014-02-05,27.9,84,0,2
2014-02-06,28.7,79,0,3
2014-02-07,28.3,83,0,3
2014-02-08,26.8,88,23,4
2014-02-09,28.5,79,0,4
2014-02-10,28.7,83,0,3
2014-02-11,27.9,81,10,6
2014-02-12,28.9,77,25,2
2014-02-13,27.8,82,0,4
2014-02-14,26.8,85,2,4
2014-02-15,26,84,2,4
2014-02-16,26.7,82,14,3
2014-02-17,25.6,86,16,3
2014-02-18,27.3,76,8,2
2014-02-19,25.3,86,3,5
2014-02-20,27.1,82,4,4
2014-02-21,27,83,2,4
2014-02-22,26,86,5,4
2014-02-23,26.1,85,42,3
2014-02-24,26.7,84,5,2
2014-02-25,27,79,0,3
2014-02-26,27.6,78,0,3
2014-02-27,28.1,79,46,2
2014-02-28,27.4,82,8,2
2014-03-01,27.4,81,0,2
2014-03-02,27.2,78,0,2
2014-03-03,27.8,77,0,2
2014-03-04,27.9,78,8888,2
2014-03-05,27.8,78,0,2
2014-03-06,27.9,78,0,3
2014-03-07,27.9,75,0,2
2014-03-08,27.5,75,0,3
2014-03-09,27.5,76,0,3
2014-03-10,28.2,78,0,2
2014-03-11,27.9,80,0,2
2014-03-12,28.1,80,0,3
2014-03-13,27.4,84,2,2
2014-03-14,27.5,80,1,2
2014-03-15,27.5,80,0,2
2014-03-16,28.2,80,0,2
2014-03-17,27.8,80,0,2
2014-03-18,28.2,78,0,2
2014-03-19,27.6,80,0,3
2014-03-20,25.2,90,13,2
2014-03-21,27.1,86,41,2
2014-03-22,27.8,83,8888,3
2014-03-23,27.9,82,0,3
2014-03-24,27.3,79,0,3
2014-03-25,27.7,75,0,3
2014-03-26,27.7,79,0,2
2014-03-27,27.9,80,0,3
2014-03-28,28.4,81,0,2
2014-03-29,27.7,77,0,3
2014-03-30,27.8,81,0,3
2014-03-31,27.9,80,0,3
2014-04-01,28.4,84,0,3
2014-04-02,28.1,82,0,2
2014-04-03,27.8,88,3,3
2014-04-04,27.9,83,11,2
2014-04-05,27.6,82,3,2
2014-04-06,27.6,84,0,2
2014-04-07,27.5,85,0,3
2014-04-08,27.5,81,8888,4
2014-04-09,27.8,80,1,3
2014-04-10,27,80,0,2
2014-04-11,27.6,82,0,3
2014-04-12,28.4,74,0,4
2014-04-13,28,81,0,3
2014-04-14,27.5,78,0,2
2014-04-15,27.6,83,0,2
2014-04-16,27.2,76,2,2
2014-04-17,27.3,80,1,2
2014-04-18,27.6,81,2,2
2014-04-19,27.1,85,4,2
2014-04-20,27.6,80,1,2
2014-04-21,27.8,77,0,2
2014-04-22,28.3,81,0,2
2014-04-23,28.7,78,0,2
2014-04-24,28.3,80,0,2
2014-04-25,28.2,80,2,2
2014-04-26,28.3,83,0,3
2014-04-27,28.6,82,0,2
2014-04-28,28.1,77,0,2
2014-04-29,27,74,0,2
2014-04-30,28.1,74,0,2
2014-05-01,27.9,76,0,2
2014-05-02,27.6,80,0,3
2014-05-03,28.4,80,0,2
2014-05-04,27.6,74,0,3
2014-05-05,27.4,77,0,3
2014-05-06,28.1,72,0,3
2014-05-07,28.1,76,0,3
2014-05-08,28.3,80,8888,3
2014-05-09,28.9,74,0,3
2014-05-10,27.9,78,0,3
2014-05-11,28,78,0,3
2014-05-12,27.7,83,9,3
2014-05-13,28.1,85,6,4
2014-05-14,27.9,79,0,3
2014-05-15,27.7,80,0,3
2014-05-16,27.6,83,3,4
2014-05-17,27.4,80,0,3
2014-05-18,27.2,78,0,2
2014-05-19,27.7,82,0,2
2014-05-20,27.4,83,8888,2
2014-05-21,27.8,83,4,3
2014-05-22,28,80,0,4
2014-05-23,27.1,82,0,4
2014-05-24,27.4,85,2,3
2014-05-25,27.8,80,0,3
2014-05-26,28.1,82,0,4
2014-05-27,28.8,78,0,4
2014-05-28,27.8,84,3,4
2014-05-29,27.4,83,1,4
2014-05-30,26.5,76,0,3
2014-05-31,26.6,76,8888,2
2014-06-01,26.7,84,0,3
2014-06-02,26.9,84,0,3
2014-06-03,27.8,83,0,4
2014-06-04,28.4,81,0,5
2014-06-05,28.6,78,0,6
2014-06-06,28.5,78,0,5
2014-06-07,28.5,77,0,6
2014-06-08,28.4,79,0,5
2014-06-09,28,81,0,4
2014-06-10,27.8,86,4,3
2014-06-11,28,82,6,2
2014-06-12,27.5,79,0,4
2014-06-13,27.5,72,0,5
2014-06-14,27.3,74,0,5
2014-06-15,27.2,77,0,5
2014-06-16,27,82,0,6
2014-06-17,27,82,0,5
2014-06-18,26.8,84,0,5
2014-06-19,27.2,81,0,5
2014-06-20,27.1,80,0,5
2014-06-21,27.5,82,0,3
2014-06-22,26.9,87,8888,2
2014-06-23,26.9,82,0,4
2014-06-24,27.8,79,0,5
2014-06-25,27.7,80,0,6
2014-06-26,27.4,82,0,5
2014-06-27,27.1,74,0,4
2014-06-28,27.2,74,0,5
2014-06-29,26.4,72,8888,5
2014-06-30,26.4,78,0,4
2014-07-01,27.1,79,8888,5
2014-07-02,26.7,78,0,5
2014-07-03,26.7,76,0,5
2014-07-04,26.9,77,0,5
2014-07-05,27.3,77,0,6
2014-07-06,27.2,79,8888,5
2014-07-07,27.4,78,0,5
2014-07-08,25.9,78,13,5
2014-07-09,26.4,71,26,3
2014-07-10,25.6,80,0,4
2014-07-11,26.3,83,2,3
2014-07-12,26.5,84,0,3
2014-07-13,26.5,80,0,3
2014-07-14,26,77,3,3
2014-07-15,25,72,0,3
2014-07-16,23.5,71,0,2
2014-07-17,25.3,78,0,2
2014-07-18,26,86,0,2
2014-07-19,25.9,86,8888,2
2014-07-20,26,85,0,3
2014-07-21,25.4,85,0,3
2014-07-22,26.5,82,0,4
2014-07-23,26.9,72,0,4
2014-07-24,25.3,80,0,5
2014-07-25,26.7,72,2,5
2014-07-26,25.6,75,0,4
2014-07-27,25.9,78,0,5
2014-07-28,26.8,72,8888,5
2014-07-29,26.5,77,1,5
2014-07-30,26.3,80,1,5
2014-07-31,26.7,78,0,5
2014-08-01,26.9,80,0,5
2014-08-02,27.1,78,0,5
2014-08-03,27.3,79,0,5
2014-08-04,26.3,82,0,5
2014-08-05,27.1,84,3,6
2014-08-06,27,76,0,5
2014-08-07,27,79,0,5
2014-08-08,26.9,76,0,5
2014-08-09,27.1,77,0,5
2014-08-10,26.8,78,2,6
2014-08-11,26.5,73,0,5
2014-08-12,26.2,73,0,5
2014-08-13,26.2,77,0,5
2014-08-14,26.3,76,0,5
2014-08-15,25.8,76,0,6
2014-08-16,25.5,70,0,5
2014-08-17,25.5,73,0,5
2014-08-18,25.7,76,8888,4
2014-08-19,26.3,76,8888,5
2014-08-20,26.6,78,0,5
2014-08-21,26.6,77,0,5
2014-08-22,26.6,76,0,5
2014-08-23,26.7,76,0,5
2014-08-24,26.3,71,0,5
2014-08-25,26,69,0,5
2014-08-26,26.2,73,0,4
2014-08-27,25.5,74,0,4
2014-08-28,25.3,78,0,4
2014-08-29,25.9,76,0,4
2014-08-30,25.9,77,0,4
2014-08-31,24.3,78,0,3
2014-09-01,24.2,81,0,4
2014-09-02,25.3,76,0,3
2014-09-03,24.7,74,0,4
2014-09-04,26.5,70,0,4
2014-09-05,25,73,0,3
2014-09-06,25.5,74,0,4
2014-09-07,24.9,77,0,4
2014-09-08,25.6,72,0,3
2014-09-09,24.4,74,0,4
2014-09-10,26.1,74,0,4
2014-09-11,26,73,0,3
2014-09-12,25.5,78,0,3
2014-09-13,25.8,80,0,2
2014-09-14,25.6,77,0,2
2014-09-15,25.9,80,8888,2
2014-09-16,25.7,76,0,3
2014-09-17,26.2,78,0,4
2014-09-18,27.3,78,0,4
2014-09-19,27.4,78,0,5
2014-09-20,27.5,74,0,4
2014-09-21,27.2,74,0,4
2014-09-22,26.5,73,0,4
2014-09-23,27.1,74,0,4
2014-09-24,27.1,71,0,3
2014-09-25,25.9,73,0,2
2014-09-26,25.5,68,0,2
2014-09-27,26.5,79,0,2
2014-09-28,27,79,0,3
2014-09-29,27.2,79,0,3
2014-09-30,27.3,76,0,3
2014-10-01,26.6,77,0,3
2014-10-02,25.8,85,0,3
2014-10-03,27.7,74,0,3
2014-10-04,27.2,79,0,2
2014-10-05,27.1,78,0,3
2014-10-06,27.1,73,0,3
2014-10-07,27.2,73,0,3
2014-10-08,26.1,80,0,4
2014-10-09,26.3,79,0,3
2014-10-10,26.8,78,0,3
2014-10-11,26.9,80,0,3
2014-10-12,26.7,82,0,3
2014-10-13,27.7,79,0,2
2014-10-14,27.1,77,0,2
2014-10-15,27.6,80,0,3
2014-10-16,28.2,80,0,3
2014-10-17,28.5,80,0,4
2014-10-18,27.7,80,0,4
2014-10-19,28.4,78,0,5
2014-10-20,28.3,78,1,5
2014-10-21,28.5,77,0,4
2014-10-22,28.1,78,0,3
2014-10-23,27.4,77,0,2
2014-10-24,27.7,76,0,3
2014-10-25,27.9,80,0,3
2014-10-26,27.9,77,0,2
2014-10-27,27.9,74,0,2
2014-10-28,27.5,73,0,2
2014-10-29,28,73,0,3
2014-10-30,27.9,73,0,3
2014-10-31,28.2,74,0,3
2014-11-01,27.8,73,0,3
2014-11-02,28.6,75,0,2
2014-11-03,29.1,73,0,3
2014-11-04,28.5,75,0,3
2014-11-05,28.9,72,0,3
2014-11-06,29.5,72,0,2
2014-11-07,29.3,73,0,2
2014-11-08,29,74,0,2
2014-11-09,29.2,74,0,2
2014-11-10,29.2,77,0,3
2014-11-11,29.1,75,8888,3
2014-11-12,29.2,76,0,3
2014-11-13,29.5,72,2,3
2014-11-14,28.5,73,0,2
2014-11-15,28.6,71,0,3
2014-11-16,28.7,76,0,3
2014-11-17,28.9,69,8888,3
2014-11-18,29.4,70,0,3
2014-11-19,29.4,75,6,4
2014-11-20,29.3,74,0,3
2014-11-21,29.1,74,0,3
2014-11-22,29.3,76,0,3
2014-11-23,29.6,77,0,4
2014-11-24,28.9,76,7,3
2014-11-25,29.2,79,4,3
2014-11-26,29.3,76,0,3
2014-11-27,27.8,84,29,2
2014-11-28,27.3,84,18,3
2014-11-29,28.4,80,0,3
2014-11-30,27.5,87,86,3
2014-12-01,26.3,91,18,3
2014-12-02,26.4,87,25,3
2014-12-03,25.6,92,31,2
2014-12-04,27.8,84,2,3
2014-12-05,27.8,81,0,4
2014-12-06,27.4,84,67,4
2014-12-07,28.1,84,2,5
2014-12-08,28.8,80,1,6
2014-12-09,28.9,80,8888,6
2014-12-10,28.8,72,0,4
2014-12-11,25.6,84,65,4
2014-12-12,28.2,75,16,2
2014-12-13,28.3,79,0,2
2014-12-14,28.9,79,0,2
2014-12-15,28.2,75,1,2
2014-12-16,28,84,14,3
2014-12-17,28.1,82,32,5
2014-12-18,28.4,80,0,4
2014-12-19,27.5,86,48,2
2014-12-20,28.5,83,0,2
2014-12-21,27.9,82,46,3
2014-12-22,28.3,83,8888,2
2014-12-23,28.6,80,0,2
2014-12-24,28.2,83,8888,2
2014-12-25,28.3,85,41,2
2014-12-26,27.5,87,8888,3
2014-12-27,28.2,81,45,3
2014-12-28,28.3,83,0,5
2014-12-29,27.8,84,7,3
2014-12-30,27.8,80,24,4
2014-12-31,28.5,79,0,4
2015-01-01,27.6,84,17.7,5
2015-01-02,27,84,11.9,8
2015-01-03,28.2,78,6,6
2015-01-04,29,74,4.4,5
2015-01-05,28.4,78,2.2,5
2015-01-06,28.3,77,9999,6
2015-01-07,28.1,78,8888,8
2015-01-08,29,77,0.5,8
2015-01-09,29.4,71,0,8
2015-01-10,29,76,1.6,7
2015-01-11,29.2,72,0,5
2015-01-12,26.8,81,7.1,3
2015-01-13,27.3,86,49.3,3
2015-01-14,27.6,81,4.6,5
2015-01-15,25,90,54.4,3
2015-01-16,27.1,78,8.2,2
2015-01-17,27.6,78,0,2
2015-01-18,26.7,86,8888,4
2015-01-19,27,86,2.6,4
2015-01-20,26.3,86,23.9,4
2015-01-21,27.5,85,12.1,3
2015-01-22,27.9,82,0.4,4
2015-01-23,28,81,16.2,4
2015-01-24,27.6,83,1.9,6
2015-01-25,28.3,81,19,5
2015-01-26,28.2,81,18.2,4
2015-01-27,28.8,80,0,6
2015-01-28,28.5,83,7.8,3
2015-01-29,28.2,83,14.4,3
2015-01-30,27,88,5.2,3
2015-01-31,27.6,80,21,3
2015-02-01,27.8,79,15.4,2
2015-02-02,27.3,81,11.3,2
2015-02-03,27.4,76,0,2
2015-02-04,26.9,78,0,2
2015-02-05,27.6,76,0.2,2
2015-02-06,27.9,76,0,2
2015-02-07,27.5,77,0,2
2015-02-08,27.2,78,8888,2
2015-02-09,28.2,82,0,3
2015-02-10,27.6,82,1.4,2
2015-02-11,27.6,83,2.1,4
2015-02-12,27.5,81,40.2,3
2015-02-13,27.7,85,0.2,3
2015-02-14,27.4,83,0.2,2
2015-02-15,27.8,77,10.8,2
2015-02-16,28.1,77,0,2
2015-02-17,27.6,80,4.7,2
2015-02-18,27.1,85,8888,2
2015-02-19,27.8,79,3,2
2015-02-20,28.5,80,6.1,7
2015-02-21,27.6,81,0.1,5
2015-02-22,28.4,76,4.9,3
2015-02-23,27.5,79,0,3
2015-02-24,27.9,82,59.4,4
2015-02-25,27.1,82,16.9,3
2015-02-26,27.3,81,0.7,3
2015-02-27,27.9,80,0.6,2
2015-02-28,27.9,81,1.1,2
2015-03-01,27.5,82,8.4,2
2015-03-02,27.7,78,2.1,3
2015-03-03,26.9,83,11.9,2
2015-03-04,27.4,85,19.9,5
2015-03-05,27.9,82,7.5,6
2015-03-06,25.9,86,47.6,5
2015-03-07,26.1,86,84.1,2
2015-03-08,27,86,8888,2
2015-03-09,27.6,85,0.2,3
2015-03-10,28.1,80,32.7,4
2015-03-11,27.4,83,37,4
2015-03-12,27.3,83,15.3,3
2015-03-13,26.9,83,13.1,2
2015-03-14,27.8,82,8888,2
2015-03-15,27.8,83,0.6,3
2015-03-16,27.1,80,9999,2
2015-03-17,27.7,81,0,2
2015-03-18,27.7,77,0,2
2015-03-19,27.7,74,0,3
2015-03-20,28.2,84,7.4,3
2015-03-21,27.7,86,3.2,2
2015-03-22,27.1,84,2.5,2
2015-03-23,27.3,78,1.3,2
2015-03-24,27.8,81,0,2
2015-03-25,27.9,78,0,2
2015-03-26,28,78,0,2
2015-03-27,27.9,76,0,2
2015-03-28,28.1,76,0,2
2015-03-29,27.5,79,0,2
2015-03-30,27.7,79,0,2
2015-03-31,29.1,77,0,2
2015-04-01,27.9,84,0,3
2015-04-02,28.6,78,1,3
2015-04-03,28.6,77,0,3
2015-04-04,28,77,0,3
2015-04-05,28.5,81,0,3
2015-04-06,28.2,85,0,2
2015-04-07,27,85,1.8,2
2015-04-08,27.8,82,8888,2
2015-04-09,27.8,80,0,2
2015-04-10,28.1,83,0,2
2015-04-11,28.5,79,0,2
2015-04-12,28.1,81,0,3
2015-04-13,28.2,80,9999,2
2015-04-14,27.4,83,0,2
2015-04-15,28.7,77,24.4,3
2015-04-16,28.2,81,0.6,2
2015-04-17,28.3,75,0,3
2015-04-18,28.5,79,1,2
2015-04-19,28.2,82,8888,2
2015-04-20,27.8,83,0,2
2015-04-21,27.6,83,3.9,2
2015-04-22,28.9,79,0,2
2015-04-23,9999,9999,2,4
2015-04-24,27.5,83,2.8,2
2015-04-25,26.7,87,8888,2
2015-04-26,25.9,86,0.3,3
2015-04-27,27.1,86,7.7,2
2015-04-28,26.8,87,0.1,1
2015-04-29,27.7,82,2.5,2
2015-04-30,28,82,0,3
2015-05-01,26.9,87,12.2,2
2015-05-02,25.7,92,5.1,2
2015-05-03,26.9,83,8.2,2
2015-05-04,27.1,79,6,2
2015-05-05,28.5,72,3.7,4
2015-05-06,26.3,74,0,3
2015-05-07,26.2,77,0,4
2015-05-08,26.3,78,0,3
2015-05-09,26.8,76,0,4
2015-05-10,26.9,81,0,3
2015-05-11,27.9,82,0.1,4
2015-05-12,27.4,87,3.6,4
2015-05-13,28,84,0,4
2015-05-14,27.6,80,0,5
2015-05-15,27.6,76,0,5
2015-05-16,27.8,74,0,3
2015-05-17,25.8,76,0,3
2015-05-18,25.4,75,0,3
2015-05-19,25,78,0,2
2015-05-20,25,81,0,3
2015-05-21,25.4,81,0,2
2015-05-22,25.8,83,0,2
2015-05-23,26.4,87,5.1,2
2015-05-24,26.6,80,0,2
2015-05-25,27.1,87,0,2
2015-05-26,26.8,85,0,3
2015-05-27,27.8,82,0,3
2015-05-28,26,85,0,2
2015-05-29,27.2,85,0,2
2015-05-30,27.7,86,17.9,4
2015-05-31,27.9,79,0.2,4
2015-06-01,26.6,83,0,3
2015-06-02,27.4,86,1.5,3
2015-06-03,27.1,89,9999,5
2015-06-04,27.7,82,0,5
2015-06-05,27.7,84,0,4
2015-06-06,27.7,82,0,4
2015-06-07,27.4,87,0.2,5
2015-06-08,27.6,83,0,5
2015-06-09,27.3,82,0,3
2015-06-10,27,83,0.2,3
2015-06-11,25.9,81,0,4
2015-06-12,27.2,77,0,4
2015-06-13,27.2,77,0,4
2015-06-14,27.3,73,0,4
2015-06-15,25.4,74,0,3
2015-06-16,26.5,77,0,3
2015-06-17,26,83,0,3
2015-06-18,27,81,0,3
2015-06-19,25.1,83,0,4
2015-06-20,26.7,81,0,4
2015-06-21,25,80,0,3
2015-06-22,25.7,79,8888,3
2015-06-23,25.4,76,0,4
2015-06-24,26,74,0,4
2015-06-25,26.7,76,0,4
2015-06-26,27,77,0,4
2015-06-27,26.9,78,0,5
2015-06-28,27,73,0,4
2015-06-29,26.7,76,0,4
2015-06-30,26.5,74,0,4
2015-07-01,26.2,70,0,3
2015-07-02,24.8,79,0,4
2015-07-03,26.2,75,0,4
2015-07-04,24.7,78,0,2
2015-07-05,23.9,81,0,2
2015-07-06,25.3,81,0,3
2015-07-07,24.4,79,0,3
2015-07-08,24.7,81,0,2
2015-07-09,25.5,73,0,2
2015-07-10,24.9,80,0,3
2015-07-11,25,84,0,4
2015-07-12,27.1,76,0,4
2015-07-13,27.1,85,0,5
2015-07-14,27.1,76,0,6
2015-07-15,26.5,81,0,6
2015-07-16,26.5,76,0,5
2015-07-17,26.2,81,0,5
2015-07-18,26.3,80,0,5
2015-07-19,25.9,81,0,5
2015-07-20,26.1,81,0,4
2015-07-21,24.9,86,0,3
2015-07-22,24.9,81,0,3
2015-07-23,25.1,82,0,3
2015-07-24,25.4,84,0,4
2015-07-25,26.3,78,0,4
2015-07-26,26.2,79,0,5
2015-07-27,26.4,78,0,4
2015-07-28,26.5,78,0,4
2015-07-29,26.8,81,0.1,6
2015-07-30,26.4,78,0,4
2015-07-31,26.4,80,0,4
2015-08-01,25.3,81,0,4
2015-08-02,24.3,76,0,4
2015-08-03,25.6,80,8888,4
2015-08-04,25.6,76,0,4
2015-08-05,24.6,81,0,4
2015-08-06,24.8,82,0,4
2015-08-07,25.4,82,0,4
2015-08-08,24.6,80,0,4
2015-08-09,26.1,79,0,5
2015-08-10,26.6,80,0,4
2015-08-11,26.7,80,0,5
2015-08-12,26.6,78,0,4
2015-08-13,26.6,80,8888,5
2015-08-14,26.4,83,8888,4
2015-08-15,26.5,82,0,4
2015-08-16,26.2,77,0,4
2015-08-17,25.6,78,0,4
2015-08-18,25.5,78,0,4
2015-08-19,24.2,78,0,3
2015-08-20,24.2,76,0,3
2015-08-21,24.3,77,0,2
2015-08-22,25.5,78,0,3
2015-08-23,24.6,78,0,3
2015-08-24,26.3,79,0,4
2015-08-25,26.2,81,0,4
2015-08-26,26.4,78,0,4
2015-08-27,26.6,77,8888,4
2015-08-28,26.5,81,0,4
2015-08-29,26.6,82,0,4
2015-08-30,26.1,81,0,3
2015-08-31,25.1,83,0,3
2015-09-01,25.5,83,0.3,4
2015-09-02,25.7,82,0,4
2015-09-03,25.5,80,0,4
2015-09-04,26.1,78,0,4
2015-09-05,26.2,81,0,4
2015-09-06,26.5,76,0,3
2015-09-07,26.2,80,0,2
2015-09-08,25.3,78,0,3
2015-09-09,25.6,75,0,4
2015-09-10,26.7,76,0,5
2015-09-11,26.6,80,0,5
2015-09-12,26.4,77,0,4
2015-09-13,26.4,70,0,3
2015-09-14,25.4,72,0,2
2015-09-15,25.6,75,0,4
2015-09-16,26,81,0,4
2015-09-17,25.6,83,0,4
2015-09-18,26.5,82,0,3
2015-09-19,26.9,80,0,3
2015-09-20,26.7,82,0,3
2015-09-21,26.7,80,0,2
2015-09-22,26.3,80,0,4
2015-09-23,26.8,78,0,4
2015-09-24,26.3,77,0,4
2015-09-25,27.2,74,0,4
2015-09-26,26.7,75,0,4
2015-09-27,26.8,78,0,4
2015-09-28,26.6,83,0,4
2015-09-29,26.3,84,0,4
2015-09-30,26.3,83,0,4
2015-10-01,25.9,85,0,4
2015-10-02,26.3,86,0,4
2015-10-03,26.3,82,0,4
2015-10-04,26.7,79,0,4
2015-10-05,27,80,0,4
2015-10-06,26.5,78,0,2
2015-10-07,26.4,84,8888,3
2015-10-08,27.4,74,0,3
2015-10-09,27.8,76,0,3
2015-10-10,27.3,78,0,4
2015-10-11,27.6,79,0,4
2015-10-12,27.5,81,0,3
2015-10-13,27,80,0,3
2015-10-14,27,82,0,3
2015-10-15,26.9,79,8888,3
2015-10-16,26.8,78,0,2
2015-10-17,27.2,79,0,2
2015-10-18,27.5,82,0,2
2015-10-19,27.2,83,0,2
2015-10-20,27.6,79,0,3
2015-10-21,27.8,83,0,4
2015-10-22,26.9,80,0,3
2015-10-23,27,77,0,4
2015-10-24,27.1,74,0,4
2015-10-25,26.6,77,0,4
2015-10-26,28,76,0,3
2015-10-27,27.8,84,0,3
2015-10-28,27.5,83,0,3
2015-10-29,28.1,81,0,3
2015-10-30,28,84,0,3
2015-10-31,28.4,80,0,3
2015-11-01,28.4,75,0,2
2015-11-02,27.7,75,0,2
2015-11-03,28,76,0,2
2015-11-04,28.3,77,0,2
2015-11-05,28.6,73,0,3
2015-11-06,29.4,75,0,3
2015-11-07,29,72,0,3
2015-11-08,28.9,75,0,3
2015-11-09,28.6,82,0,2
2015-11-10,28.1,85,0,2
2015-11-11,27.3,86,21.2,2
2015-11-12,29,82,0.8,3
2015-11-13,28.5,80,10.5,3
2015-11-14,29,79,0,2
2015-11-15,28.7,76,0,2
2015-11-16,28.5,75,0,3
2015-11-17,28.9,79,0,2
2015-11-18,29.8,74,0,2
2015-11-19,28.7,78,0,3
2015-11-20,29.5,73,8888,2
2015-11-21,29.4,78,0,2
2015-11-22,29.6,75,0,3
2015-11-23,29.8,74,0,2
2015-11-24,30,76,0,2
2015-11-25,29.9,69,0,2
2015-11-26,29.6,73,0,2
2015-11-27,29.8,74,0,2
2015-11-28,29.5,80,0,3
2015-11-29,29.7,77,0,2
2015-11-30,29.6,80,0,2
2015-12-01,29.9,73,0,2
2015-12-02,29.7,76,0,3
2015-12-03,29.6,75,0,2
2015-12-04,30.1,72,0,2
2015-12-05,29.3,75,0,3
2015-12-06,28.8,76,0,2
2015-12-07,29.4,74,13.4,3
2015-12-08,29.9,78,0,2
2015-12-09,29.4,79,0.1,2
2015-12-10,29,80,4.9,2
2015-12-11,29.8,75,0,2
2015-12-12,29.4,75,0,3
2015-12-13,29.1,83,0,2
2015-12-14,28.9,80,4.6,3
2015-12-15,27.1,89,3.4,3
2015-12-16,28,85,88.1,4
2015-12-17,29,81,0,6
2015-12-18,28.7,81,1.8,7
2015-12-19,27.8,81,8.1,8
2015-12-20,28,82,36.8,5
2015-12-21,27.7,82,16.9,2
2015-12-22,28.2,80,8888,2
2015-12-23,28.3,83,0,2
2015-12-24,28.4,82,0.4,4
2015-12-25,28.3,79,12.7,4
2015-12-26,28.4,81,4.8,4
2015-12-27,28.6,80,8888,4
2015-12-28,28,82,3.4,3
2015-12-29,28.3,79,0.8,3
2015-12-30,28.8,80,0,2
2015-12-31,29.1,76,0,2
2016-01-01,29.3,73,0,2
2016-01-02,28.6,77,0,2
2016-01-03,29.1,74,0,2
2016-01-04,29.3,75,0,3
2016-01-05,29.1,79,0,3
2016-01-06,28.7,76,0,3
2016-01-07,29.5,77,0,2
2016-01-08,29.6,76,0,2
2016-01-09,29.4,75,0,2
2016-01-10,29.5,72,5.5,2
2016-01-11,29.1,73,0,3
2016-01-12,29.6,73,0,3
2016-01-13,29.2,73,0,3
2016-01-14,29.7,75,0,3
2016-01-15,29.7,74,0,3
2016-01-16,29.6,74,0,3
2016-01-17,29.7,72,0,2
2016-01-18,9999,9999,0,2
2016-01-19,29.4,75,0,3
2016-01-20,29.3,75,0,2
2016-01-21,29,77,0,3
2016-01-22,26.9,85,26,2
2016-01-23,28.6,81,6.5,3
2016-01-24,28.9,77,49.4,3
2016-01-25,27.9,79,1.4,4
2016-01-26,26.9,87,10,4
2016-01-27,27.2,81,26.2,5
2016-01-28,28.7,71,9.3,3
2016-01-29,29,78,0,4
2016-01-30,29,77,0,4
2016-01-31,28.2,82,0,4
2016-02-01,28.2,83,5,5
2016-02-02,26.7,90,76.5,5
2016-02-03,26.5,88,5.9,4
2016-02-04,27.2,87,145.6,3
2016-02-05,27.3,87,0.3,3
2016-02-06,28,85,0.6,2
2016-02-07,28.1,88,3.1,3
2016-02-08,26.9,90,36.7,2
2016-02-09,27.7,84,0.9,2
2016-02-10,27.6,87,0,2
2016-02-11,27.3,87,38.6,2
2016-02-12,26.5,93,1,3
2016-02-13,26.9,86,75.1,4
2016-02-14,26.8,86,34.1,2
2016-02-15,28,78,2.5,2
2016-02-16,28.8,79,0,2
2016-02-17,28.9,78,0,2
2016-02-18,28.9,75,0,2
2016-02-19,28.9,79,0,3
2016-02-20,27.7,83,2.2,2
2016-02-21,28.1,87,15.4,2
2016-02-22,27.7,85,0,2
2016-02-23,27.8,87,6.2,2
2016-02-24,28.1,80,9.1,2
2016-02-25,28.4,79,10.7,2
2016-02-26,27.5,87,1.1,3
2016-02-27,27.8,87,41.8,2
2016-02-28,28,87,28.3,2
2016-02-29,27.7,90,19.9,3
2016-03-01,27.9,87,11.6,2
2016-03-02,27.7,85,0.2,2
2016-03-03,28.6,83,0.3,3
2016-03-04,28.7,85,21,2
2016-03-05,29.2,79,0,2
2016-03-06,28.4,84,0.8,2
2016-03-07,28.7,79,14.5,2
2016-03-08,29.1,82,0,2
2016-03-09,29.1,76,0.9,2
2016-03-10,28.4,84,0,2
2016-03-11,29.3,81,8888,2
2016-03-12,29.2,80,0,2
2016-03-13,28.4,82,5.3,2
2016-03-14,28.9,80,1.8,2
2016-03-15,28.1,83,5.7,2
2016-03-16,29,80,12.6,2
2016-03-17,28.6,78,0,2
2016-03-18,29.1,76,0,2
2016-03-19,29.5,74,0,3
2016-03-20,29.1,76,0,3
2016-03-21,29.2,74,0,2
2016-03-22,29.3,75,0,2
2016-03-23,29.3,74,0,2
2016-03-24,29.4,76,0,2
2016-03-25,29.3,79,5.8,2
2016-03-26,29.4,77,0,2
2016-03-27,27.9,81,9.8,2
2016-03-28,28.8,76,1.2,2
2016-03-29,28.8,76,0,3
2016-03-30,28.8,80,0,2
2016-03-31,28.6,79,0,2
2016-04-01,29.3,74,9999,2
2016-04-02,28.7,75,0,2
2016-04-03,29.2,75,0,3
2016-04-04,29.7,73,0,3
2016-04-05,29.2,78,7.2,2
2016-04-06,28.9,78,2,2
2016-04-07,28.9,82,9999,3
2016-04-08,28.8,80,0,2
2016-04-09,28.8,78,0,2
2016-04-10,29.2,78,0,3
2016-04-11,29.1,74,0,3
2016-04-12,29.2,77,0,2
2016-04-13,28.9,81,9999,2
2016-04-14,28.8,79,15.1,3
2016-04-15,28.2,84,0,3
2016-04-16,29,81,0.1,3
2016-04-17,28.9,79,0,3
2016-04-18,28.5,81,0,3
2016-04-19,28.3,76,9999,3
2016-04-20,28.4,78,0,3
2016-04-21,29.1,79,2.4,3
2016-04-22,28.4,76,9999,3
2016-04-23,28.5,81,0,3
2016-04-24,28.7,76,0,3
2016-04-25,28.1,78,0,3
2016-04-26,28.6,80,0,3
2016-04-27,28.2,80,0,2
2016-04-28,28.1,80,0,2
2016-04-29,28,81,0,2
2016-04-30,28.4,81,0,3
2016-05-01,29,80,0,3
2016-05-02,28.2,79,2.5,2
2016-05-03,28.8,78,0.8,3
2016-05-04,28.8,78,0,3
2016-05-05,28.4,79,0,2
2016-05-06,28.7,77,0,2
2016-05-07,28.4,80,0,2
2016-05-08,28.4,77,0,2
2016-05-09,28.9,82,1.6,2
2016-05-10,28.7,80,0,3
2016-05-11,28.7,82,0,2
2016-05-12,29.4,84,0,3
2016-05-13,29.2,85,0,4
2016-05-14,29.3,84,0,4
2016-05-15,28.7,87,22.3,4
2016-05-16,28.6,84,10.9,4
2016-05-17,29.4,77,0,3
2016-05-18,28.3,80,8888,4
2016-05-19,28.5,84,3.9,4
2016-05-20,28.3,82,0,3
2016-05-21,28.2,84,0,2
2016-05-22,28.5,83,0,3
2016-05-23,27.8,81,0,2
2016-05-24,27.2,82,0,2
2016-05-25,28,79,9999,3
2016-05-26,27.7,78,0,4
2016-05-27,27.2,89,46.7,3
2016-05-28,27.5,86,19.3,2
2016-05-29,28,79,0.4,3
2016-05-30,27.5,85,0.8,2
2016-05-31,27.5,84,9999,2
2016-06-01,27.5,83,0.4,3
2016-06-02,27.9,80,0,2
2016-06-03,27.5,77,0,2
2016-06-04,27.9,77,8888,3
2016-06-05,28.4,78,0,2
2016-06-06,28,82,0,3
2016-06-07,28.2,79,0,4
2016-06-08,29.2,72,1,3
2016-06-09,28,75,0,3
2016-06-10,28.1,81,0.4,4
2016-06-11,28.1,83,17.7,2
2016-06-12,28.1,80,1.5,3
2016-06-13,28.1,80,0,3
2016-06-14,27.4,88,12.9,2
2016-06-15,28.5,79,18.5,3
2016-06-16,27.2,86,75.2,2
2016-06-17,28.1,84,6.8,3
2016-06-18,28.4,84,0,3
2016-06-19,28.3,84,5.7,3
2016-06-20,27.6,80,8888,3
2016-06-21,27.4,78,0,3
2016-06-22,26.6,80,0,2
2016-06-23,27.3,76,0,3
2016-06-24,27.7,74,8888,3
2016-06-25,27.1,77,8888,3
2016-06-26,26.3,88,8.7,4
2016-06-27,27.9,79,7.7,3
2016-06-28,26.3,91,84.3,2
2016-06-29,26.7,87,21.4,2
2016-06-30,27.9,84,1,3
2016-07-01,27.8,82,0,2
2016-07-02,27.7,81,8888,2
2016-07-03,27.5,83,0,3
2016-07-04,27,77,0,3
2016-07-05,26.6,78,0,3
2016-07-06,26.9,79,0.2,2
2016-07-07,26.8,80,0,3
2016-07-08,27,88,18.1,3
2016-07-09,27.4,81,5,2
2016-07-10,27.2,86,0,3
2016-07-11,27.2,87,12.9,2
2016-07-12,26.8,86,7.2,2
2016-07-13,27.5,82,0,2
2016-07-14,27.1,82,0,3
2016-07-15,27.4,84,0,2
2016-07-16,26.8,89,21.5,5
2016-07-17,9999,9999,11.3,4
2016-07-18,27.3,83,0.9,2
2016-07-19,25.2,92,12.6,3
2016-07-20,26.9,88,9999,3
2016-07-21,27.2,86,4,2
2016-07-22,26.8,85,0,4
2016-07-23,27.5,77,0,4
2016-07-24,26.3,82,0,4
2016-07-25,27.3,80,0,4
2016-07-26,27.7,74,0,5
2016-07-27,27.6,74,8888,5
2016-07-28,26.8,80,0,5
2016-07-29,27.9,74,0,5
2016-07-30,27.8,72,0,5
2016-07-31,26,80,0.6,4
2016-08-01,27.4,72,8888,4
2016-08-02,26.1,75,0,5
2016-08-03,27.5,75,0,4
2016-08-04,9999,9999,0,3
2016-08-05,26.6,85,0,3
2016-08-06,27.5,82,9999,2
2016-08-07,26.6,84,0,3
2016-08-08,27.2,85,0,4
2016-08-09,27.5,81,0,4
2016-08-10,26.3,80,0,4
2016-08-11,26.7,87,6.4,4
2016-08-12,27.7,82,0.6,5
2016-08-13,27.6,78,5.9,5
2016-08-14,27.7,76,0,5
2016-08-15,26.9,83,50,4
2016-08-16,26.7,79,8888,4
2016-08-17,27.7,78,8888,4
2016-08-18,27.5,75,0.3,4
2016-08-19,27.4,69,0,4
2016-08-20,25.9,68,0,3
2016-08-21,25.7,74,8888,2
2016-08-22,25.3,73,0,2
2016-08-23,25.9,77,2.7,3
2016-08-24,26.2,78,3.4,3
2016-08-25,25.5,79,0,4
2016-08-26,26.9,81,1.9,4
2016-08-27,26.9,83,1.7,3
2016-08-28,26.7,86,0,3
2016-08-29,9999,9999,0,2
2016-08-30,27.9,81,0,3
2016-08-31,27.6,85,0.2,3
2016-09-01,27.8,80,0,3
2016-09-02,26.8,85,1.1,2
2016-09-03,26.8,80,0,3
2016-09-04,26.9,79,0,3
2016-09-05,27.4,79,0,3
2016-09-06,27.5,82,0,4
2016-09-07,28.1,83,0,5
2016-09-08,28.4,77,2,5
2016-09-09,28.5,72,8888,4
2016-09-10,27.2,75,0,2
2016-09-11,26.9,73,0,3
2016-09-12,28,73,8888,4
2016-09-13,27.3,79,0,2
2016-09-14,26.6,86,53.4,3
2016-09-15,27.4,82,5.9,3
2016-09-16,27.7,84,115.8,4
2016-09-17,27.6,87,1,4
2016-09-18,28.2,84,0.3,3
2016-09-19,27.2,80,0,3
2016-09-20,27.7,86,13.5,4
2016-09-21,28.5,82,0,3
2016-09-22,28,84,0,3
2016-09-23,28.4,81,0,3
2016-09-24,26.3,90,23.7,3
2016-09-25,26.2,90,111.3,3
2016-09-26,28,86,13.3,2
2016-09-27,26.8,86,49.2,3
2016-09-28,27.7,80,0,2
2016-09-29,28,81,0.6,4
2016-09-30,29.4,75,0,2
2016-10-01,28.6,83,0,2
2016-10-02,27.7,86,29.8,2
2016-10-03,27.5,85,0,2
2016-10-04,27.9,86,5.7,2
2016-10-05,28.3,80,9.5,2
2016-10-06,28.3,80,0,3
2016-10-07,28.2,86,11.1,3
2016-10-08,27.7,89,4.4,3
2016-10-09,28.2,82,1.5,4
2016-10-10,29,76,8888,4
2016-10-11,27.9,83,0,3
2016-10-12,28.3,76,0,4
2016-10-13,28.6,75,0,3
2016-10-14,29.6,76,0,3
2016-10-15,28.5,75,0,3
2016-10-16,28.6,76,8888,3
2016-10-17,28.2,74,0,2
2016-10-18,28.3,71,0,3
2016-10-19,28.8,80,1.3,4
2016-10-20,29.1,80,0,3
2016-10-21,28.9,79,0,3
2016-10-22,9999,9999,0,3
2016-10-23,29.5,76,0,2
2016-10-24,27.6,84,2.4,2
2016-10-25,28.1,81,8888,2
2016-10-26,28.7,79,0,3
2016-10-27,29.1,77,1.7,3
2016-10-28,28.8,75,0,3
2016-10-29,28.5,73,0.3,2
2016-10-30,28.4,78,0,2
2016-10-31,29.1,76,0,2
2016-11-01,28.8,75,0,2
2016-11-02,29,73,0,2
2016-11-03,29.1,74,0,3
2016-11-04,28.6,78,8888,3
2016-11-05,28.9,79,31.9,3
2016-11-06,29.3,79,17.1,2
2016-11-07,29.7,81,0,2
2016-11-08,29.7,77,8888,2
2016-11-09,28.4,78,1,2
2016-11-10,29.3,71,0.8,2
2016-11-11,25.3,88,8.4,2
2016-11-12,28,77,5.1,3
2016-11-13,27.2,85,68,2
2016-11-14,28.7,77,0,2
2016-11-15,26.8,87,0,2
2016-11-16,27.4,87,25.9,2
2016-11-17,27.4,86,10.5,2
2016-11-18,28.6,82,3.8,2
2016-11-19,28.4,81,8888,3
2016-11-20,29.2,82,0.5,3
2016-11-21,29.5,78,8888,3
2016-11-22,27.4,83,33,2
2016-11-23,27.3,89,8888,1
2016-11-24,27.6,83,23.6,2
2016-11-25,26.4,91,8.6,2
2016-11-26,28.5,81,5,3
2016-11-27,28.9,82,8888,2
2016-11-28,29,82,10.6,2
2016-11-29,27.9,85,0,2
2016-11-30,28.1,81,22.8,3
2016-12-01,28,82,33.9,4
2016-12-02,28.1,79,5.3,4
2016-12-03,26.8,86,10.6,2
2016-12-04,26.7,84,58.3,2
2016-12-05,26.4,89,11.6,3
2016-12-06,27.9,84,1.7,2
2016-12-07,29.5,76,8.2,2
2016-12-08,26.2,88,48.6,2
2016-12-09,27.9,85,1,4
2016-12-10,26.3,92,15.1,5
2016-12-11,28,83,13.3,4
2016-12-12,27.1,86,32,3
2016-12-13,26.2,84,0.2,3
2016-12-14,26.5,87,1.7,5
2016-12-15,27.4,83,78.8,5
2016-12-16,27.3,86,8.1,4
2016-12-17,27.4,84,2.5,2
2016-12-18,28.2,82,0,3
2016-12-19,29.3,76,0,4
2016-12-20,29.4,76,1.7,6
2016-12-21,29.6,73,0,6
2016-12-22,29.9,71,0.1,8
2016-12-23,29.1,77,0,8
2016-12-24,29.5,72,0,8
2016-12-25,29,75,0,7
2016-12-26,29,74,0,6
2016-12-27,28.8,79,0,7
2016-12-28,27.4,85,50.2,4
2016-12-29,27.8,78,0,3
2016-12-30,27.7,82,11.5,4
2016-12-31,27.1,85,4.6,3
2017-01-01,27.5,85,8.9,4
2017-01-02,27.2,83,1.5,4
2017-01-03,27,85,22.8,4
2017-01-04,27.6,85,6.7,3
2017-01-05,27.1,85,24.2,3
2017-01-06,28.7,82,3.4,4
2017-01-07,29.2,80,0,5
2017-01-08,29.2,77,0,3
2017-01-09,28.6,79,0.2,2
2017-01-10,27.8,83,16.5,2
2017-01-11,28.3,83,0,2
2017-01-12,28.3,78,1.1,3
2017-01-13,27.7,82,0.4,2
2017-01-14,28.2,79,0.1,6
2017-01-15,27.7,77,10.6,4
2017-01-16,26.2,88,11.3,4
2017-01-17,26.7,83,9,3
2017-01-18,26.7,85,19.7,4
2017-01-19,27.9,85,2.3,4
2017-01-20,26.8,86,2.1,3
2017-01-21,26.9,83,0.8,4
2017-01-22,26.9,87,19.4,4
2017-01-23,26.6,89,55.1,5
2017-01-24,28.3,81,0.5,2
2017-01-25,26.9,88,0.1,4
2017-01-26,28.3,79,39,6
2017-01-27,29.1,74,8888,8
2017-01-28,28.7,74,2,8
2017-01-29,29.1,71,2,4
2017-01-30,26.5,85,6.4,3
2017-01-31,25.6,89,40.4,7
2017-02-01,26.4,85,39.3,6
2017-02-02,26,88,106.9,10
2017-02-03,25.5,86,65.8,8
2017-02-04,27.9,76,24.5,8
2017-02-05,28.4,74,2.1,8
2017-02-06,29,73,0.4,8
2017-02-07,28.6,75,0,6
2017-02-08,28,78,8888,3
2017-02-09,27.3,84,25.8,5
2017-02-10,27.8,84,7,3
2017-02-11,26.9,83,7.4,2
2017-02-12,26.1,90,14.2,2
2017-02-13,26.9,87,3.4,3
2017-02-14,27.1,83,3.8,3
2017-02-15,27.6,77,2.5,4
2017-02-16,26.2,86,1.1,3
2017-02-17,27.9,78,5.5,3
2017-02-18,28.1,78,0,2
2017-02-19,27.9,78,0,2
2017-02-20,27.9,79,9999,3
2017-02-21,27.9,82,0,3
2017-02-22,27.9,81,9999,2
2017-02-23,27.3,81,1.6,2
2017-02-24,27.4,78,2.5,3
2017-02-25,27.5,80,24,2
2017-02-26,27.6,77,0,2
2017-02-27,27.4,78,0,2
2017-02-28,27.8,80,0,2
2017-03-01,28.4,77,0,2
2017-03-02,28.3,77,0,2
2017-03-03,28.4,81,26.9,2
2017-03-04,29.1,79,9999,2
2017-03-05,28.3,79,0,2
2017-03-06,28.2,80,0,3
2017-03-07,29,81,0,4
2017-03-08,28.9,76,0.8,4
2017-03-09,28.3,79,0,3
2017-03-10,28.3,78,0,2
2017-03-11,28.1,73,0,2
2017-03-12,27.8,80,0,3
2017-03-13,27.3,82,33.9,4
2017-03-14,27.8,79,8888,3
2017-03-15,26.8,80,2.5,2
2017-03-16,27.6,83,6.7,2
2017-03-17,27.9,85,0,2
2017-03-18,27.5,82,9999,2
2017-03-19,28,79,0.8,4
2017-03-20,27.9,83,10.8,7
2017-03-21,28.5,76,8888,4
2017-03-22,27.8,83,0,2
2017-03-23,28,84,0,2
2017-03-24,29.1,80,2,2
2017-03-25,27.5,86,38.8,2
2017-03-26,25.7,91,39.8,4
2017-03-27,25.9,88,17.2,2
2017-03-28,26.9,84,6.4,3
2017-03-29,27.9,81,2.8,3
2017-03-30,27.8,84,1,2
2017-03-31,26.8,87,4.9,2
2017-04-01,27.6,79,9999,2
2017-04-02,27,86,4.6,2
2017-04-03,26.1,90,14.4,2
2017-04-04,26,87,6.2,2
2017-04-05,26.9,84,67.8,2
2017-04-06,27.6,86,0,2
2017-04-07,28.7,80,0.2,3
2017-04-08,26.4,92,5.3,2
2017-04-09,27.3,86,3.9,2
2017-04-10,27.8,86,0.3,2
2017-04-11,27.8,81,0,2
2017-04-12,28.1,77,0,3
2017-04-13,27.7,79,0.4,2
2017-04-14,27.1,74,0,2
2017-04-15,27.2,75,0,2
2017-04-16,26.8,78,0,2
2017-04-17,27.8,78,0,2
2017-04-18,27.9,79,0,2
2017-04-19,28.1,78,0,2
2017-04-20,27.7,82,0,2
2017-04-21,27.6,85,3.8,1
2017-04-22,27.9,83,0,3
2017-04-23,28.2,81,0,3
2017-04-24,28.4,80,0,3
2017-04-25,27.9,80,0,3
2017-04-26,28.2,83,3,3
2017-04-27,28.5,77,0.2,2
2017-04-28,27.5,84,8888,3
2017-04-29,27.8,79,0,2
2017-04-30,27.3,84,0.5,2
2017-05-01,27.8,84,1.2,3
2017-05-02,26.7,88,2.1,2
2017-05-03,27.1,87,3.5,2
2017-05-04,27.4,86,0,2
2017-05-05,28.2,82,0.2,5
2017-05-06,28.9,75,0,4
2017-05-07,28.5,77,0.6,5
2017-05-08,27,86,5.9,5
2017-05-09,27.3,86,19.9,4
2017-05-10,27.4,75,8888,4
2017-05-11,28.2,78,0,4
2017-05-12,28,79,3,4
2017-05-13,27.1,78,0,4
2017-05-14,28,79,0,4
2017-05-15,28.1,83,1.5,4
2017-05-16,27.7,82,0,3
2017-05-17,26.2,80,0,3
2017-05-18,26.5,77,0,4
2017-05-19,27.9,73,0,3
2017-05-20,25.9,84,9999,3
2017-05-21,26.6,82,9999,3
2017-05-22,27,81,9999,4
2017-05-23,27,73,0,3
2017-05-24,26.6,77,0,3
2017-05-25,28.2,84,9999,4
2017-05-26,28,85,0.3,4
2017-05-27,27.9,83,0,3
2017-05-28,27.2,91,0,3
2017-05-29,26.8,92,17.4,3
2017-05-30,27.2,89,8888,4
2017-05-31,27.5,87,0,5
2017-06-01,9999,9999,9999,5
2017-06-02,27.4,81,0,4
2017-06-03,27.5,78,9999,3
2017-06-04,26.5,86,0.9,4
2017-06-05,27.8,82,0,3
2017-06-06,27.2,83,0,3
2017-06-07,26.9,84,0,5
2017-06-08,27.3,82,0,5
2017-06-09,27.1,82,0.8,4
2017-06-10,27.2,82,0,4
2017-06-11,27.2,85,0,4
2017-06-12,27.2,88,0,3
2017-06-13,25.1,99,0.6,2
2017-06-14,26.2,91,22.9,3
2017-06-15,26.5,89,0,4
2017-06-16,26.7,80,0,4
2017-06-17,26.5,71,0,4
2017-06-18,26.7,79,3.1,5
2017-06-19,25.8,89,34.4,4
2017-06-20,25.6,91,106.6,4
2017-06-21,26.3,89,23.6,4
2017-06-22,27.3,84,0,4
2017-06-23,27.1,82,0,4
2017-06-24,27.1,85,0,4
2017-06-25,26.8,85,0.7,4
2017-06-26,26.7,87,1.4,4
2017-06-27,26.7,81,0,3
2017-06-28,26.5,79,0,4
2017-06-29,25.1,80,0,3
2017-06-30,26.6,82,0,3
2017-07-01,25.8,84,0,4
2017-07-02,27.1,78,0.9,4
2017-07-03,27.1,77,0,5
2017-07-04,27.5,76,0,4
2017-07-05,27,78,0,4
2017-07-06,26.7,76,0,4
2017-07-07,25.9,86,0.9,3
2017-07-08,26,84,8.7,4
2017-07-09,26,81,0,4
2017-07-10,26.1,83,12.8,4
2017-07-11,26.4,84,14.6,4
2017-07-12,26.5,84,1,4
2017-07-13,26.7,85,1.8,5
2017-07-14,26.9,82,0,5
2017-07-15,26.6,80,0,4
2017-07-16,26.3,75,0,4
2017-07-17,26.4,74,0,5
2017-07-18,25.3,80,9999,4
2017-07-19,26.7,80,0,4
2017-07-20,26.8,78,0,3
2017-07-21,26.1,85,0,3
2017-07-22,26.6,78,0,4
2017-07-23,26.3,72,0,4
2017-07-24,26.1,73,0,4
2017-07-25,26.1,77,0,4
2017-07-26,26.5,80,0,4
2017-07-27,26.5,87,4.2,4
2017-07-28,26.5,86,0,4
2017-07-29,26.3,82,0,3
2017-07-30,25.7,85,1.2,4
2017-07-31,26.4,75,0,4
2017-08-01,26.5,77,0,5
2017-08-02,26.6,74,8888,5
2017-08-03,26.1,72,0,4
2017-08-04,26,76,0,5
2017-08-05,26.1,77,0,5
2017-08-06,26.3,79,0,5
2017-08-07,26.4,80,0,4
2017-08-08,26.7,81,0,3
2017-08-09,26.5,82,0.5,3
2017-08-10,26.2,79,0,4
2017-08-11,26.3,82,0,4
2017-08-12,26.5,82,0,4
2017-08-13,26.4,83,0,3
2017-08-14,26.4,80,0,3
2017-08-15,26.5,78,0,4
2017-08-16,25.8,74,0,3
2017-08-17,25,83,1.5,3
2017-08-18,26.4,77,0,4
2017-08-19,26.5,80,0,4
2017-08-20,26.6,80,0,4
2017-08-21,26.6,79,0,4
2017-08-22,26.6,80,0,4
2017-08-23,26.6,81,0,4
2017-08-24,26.2,82,0,4
2017-08-25,26.7,80,0,4
2017-08-26,26.3,82,0,4
2017-08-27,26.3,83,0,4
2017-08-28,26.4,80,0,4
2017-08-29,26.4,76,0,5
2017-08-30,26.5,72,0,4
2017-08-31,26.8,75,0,4
2017-09-01,25.7,78,0,3
2017-09-02,25.7,76,0,4
2017-09-03,26.7,76,0,4
2017-09-04,26.9,78,0,4
2017-09-05,26.9,80,0,4
2017-09-06,26.7,80,3.2,3
2017-09-07,9999,9999,0.1,4
2017-09-08,27,82,0,4
2017-09-09,26.9,83,0,4
2017-09-10,26.8,84,0,3
2017-09-11,26.5,78,0,3
2017-09-12,25.6,80,0,3
2017-09-13,26.6,76,0,4
2017-09-14,26.9,76,0,3
2017-09-15,9999,9999,0,2
2017-09-16,27.1,82,0,4
2017-09-17,27.6,78,0,3
2017-09-18,26.3,74,0,2
2017-09-19,26.3,72,0,2
2017-09-20,25.8,80,9999,2
2017-09-21,26.2,76,0,2
2017-09-22,26.1,79,0,2
2017-09-23,27,82,6.8,3
2017-09-24,27,85,0.3,3
2017-09-25,27.2,80,0,4
2017-09-26,27.3,82,8888,4
2017-09-27,27.8,84,0,4
2017-09-28,27.7,83,0,4
2017-09-29,27.8,81,8888,5
2017-09-30,27.5,80,0,4
2017-10-01,28,78,0,3
2017-10-02,27.1,81,9999,2
2017-10-03,27.6,80,12.4,3
2017-10-04,28.5,78,0,4
2017-10-05,28.2,82,8888,4
2017-10-06,28.2,83,0,3
2017-10-07,26.1,90,0,2
2017-10-08,27.3,86,20.3,3
2017-10-09,27.3,87,10.9,4
2017-10-10,27.9,87,8888,4
2017-10-11,28.1,86,0,4
2017-10-12,28.2,83,8888,3
2017-10-13,27.9,82,0,2
2017-10-14,27.5,83,0,3
2017-10-15,27.7,82,1.1,2
2017-10-16,27.8,80,0.8,2
2017-10-17,27.8,79,0,2
2017-10-18,27.9,79,8888,3
2017-10-19,27.6,78,9999,3
2017-10-20,27.3,79,0,3
2017-10-21,27.5,79,0,4
2017-10-22,27.3,79,0,4
2017-10-23,27.7,79,0,3
2017-10-24,26.2,85,4.4,2
2017-10-25,28.3,80,9999,2
2017-10-26,28.6,81,0,2
2017-10-27,28.9,79,3.2,2
2017-10-28,28.8,75,0,2
2017-10-29,28.8,70,0,2
2017-10-30,27.6,72,0,2
2017-10-31,27.6,72,0,3
2017-11-01,28.6,71,0,2
2017-11-02,29,75,0,2
2017-11-03,27.7,80,7.4,2
2017-11-04,29,78,11.4,2
2017-11-05,27.9,84,8888,2
2017-11-06,27.6,86,1.6,2
2017-11-07,28.5,86,4,2
2017-11-08,28.8,80,8888,2
2017-11-09,29,78,0,2
2017-11-10,28.9,76,0,3
2017-11-11,9999,9999,0,3
2017-11-12,27.4,87,13.1,2
2017-11-13,26.4,89,2.1,2
2017-11-14,27.1,86,8.8,2
2017-11-15,26.9,86,8888,2
2017-11-16,27.5,84,1,2
2017-11-17,27.9,82,8888,2
2017-11-18,27.9,83,0.6,2
2017-11-19,27.4,85,3,2
2017-11-20,27.7,86,7.7,2
2017-11-21,26.8,89,5.8,2
2017-11-22,27.5,85,5.5,2
2017-11-23,27.6,87,4.5,2
2017-11-24,25.9,90,104.1,2
2017-11-25,28.8,78,3.9,2
2017-11-26,27.6,84,0.7,2
2017-11-27,27.1,86,0,2
2017-11-28,26.9,88,35.1,3
2017-11-29,27.1,90,13.5,4
2017-11-30,26.7,89,111,2
2017-12-01,27.9,80,4.6,3
2017-12-02,28.2,80,1,3
2017-12-03,28.3,79,9999,2
2017-12-04,28.8,79,8888,2
2017-12-05,28.7,78,3.9,4
2017-12-06,28.5,81,0,3
2017-12-07,27.7,80,65.5,3
2017-12-08,28.5,77,0,3
2017-12-09,28.1,82,1.4,4
2017-12-10,27.3,86,9999,2
2017-12-11,26.6,89,18.6,3
2017-12-12,27.1,88,7.1,3
2017-12-13,27.9,87,36.3,3
2017-12-14,27.3,84,10.9,4
2017-12-15,28.7,81,0.6,3
2017-12-16,28.1,82,5.1,4
2017-12-17,26.7,86,13,4
2017-12-18,26.6,87,113.4,5
2017-12-19,26.9,85,5.7,7
2017-12-20,25.1,92,64.4,4
2017-12-21,9999,9999,71,2
2017-12-22,26.7,84,6.5,4
2017-12-23,28.5,78,0,8
2017-12-24,27.2,87,12.1,6
2017-12-25,25.9,89,25.6,5
2017-12-26,27.7,84,54.3,3
2017-12-27,28.5,80,3.6,3
2017-12-28,28.2,83,0.4,3
2017-12-29,28.2,83,8888,3
2017-12-30,9999,9999,5.7,4
2017-12-31,25,93,74.8,3
2018-01-01,27.2,85,20.6,2
2018-01-02,27.8,82,0,2
2018-01-03,28.5,82,0.3,3
2018-01-04,28.5,80,0,2
2018-01-05,28.1,81,0,2
2018-01-06,26.5,90,36.4,3
2018-01-07,26.8,86,1.7,2
2018-01-08,27.2,82,66.8,2
2018-01-09,28,80,0,3
2018-01-10,26.7,87,12.7,5
2018-01-11,26.7,86,17,9
2018-01-12,26.3,85,73.8,6
2018-01-13,27.5,82,26.4,3
2018-01-14,27.2,79,4.4,4
2018-01-15,27.4,83,17.8,5
2018-01-16,26.9,79,11.5,4
2018-01-17,26.9,83,20.9,3
2018-01-18,27.2,82,11.1,6
2018-01-19,27.6,81,0.9,6
2018-01-20,25.4,90,49.1,6
2018-01-21,26.7,86,29,7
2018-01-22,27.4,83,76.9,4
2018-01-23,27,84,69,2
2018-01-24,26.5,89,15.1,5
2018-01-25,27.1,86,1,8
2018-01-26,27.1,84,17.5,7
2018-01-27,28.3,80,10.2,6
2018-01-28,28.6,80,3.2,3
2018-01-29,28.6,80,0,9
2018-01-30,28.8,75,8888,8
2018-01-31,28.3,80,4.9,6
2018-02-01,25.1,84,8.1,5
2018-02-02,27,85,23.1,4
2018-02-03,27,88,1.3,2
2018-02-04,27.1,85,13,4
2018-02-05,27.8,81,2.9,4
2018-02-06,28.1,80,2.8,4
2018-02-07,27.3,82,1.4,3
2018-02-08,26.2,89,23.2,3
2018-02-09,27.3,84,49.4,3
2018-02-10,27.3,84,8.8,2
2018-02-11,27.9,75,0,2
2018-02-12,27.7,81,0,5
2018-02-13,28,81,13,7
2018-02-14,27.8,82,9.1,7
2018-02-15,26,88,21.4,7
2018-02-16,28.3,78,50.2,6
2018-02-17,28.4,79,2.9,6
2018-02-18,28.3,80,3,5
2018-02-19,28.2,82,0,3
2018-02-20,27.8,81,8888,4
2018-02-21,28.8,77,8888,3
2018-02-22,27.1,82,12.9,2
2018-02-23,27.2,84,1.4,2
2018-02-24,27.3,84,23.2,2
2018-02-25,26.1,85,73.1,2
2018-02-26,27.2,79,0.5,2
2018-02-27,27.6,79,8888,2
2018-02-28,27.6,81,2.1,2
2018-03-01,27.8,77,0,2
2018-03-02,28.2,79,0,3
2018-03-03,28.5,77,0,2
2018-03-04,28,83,0,2
2018-03-05,28.3,79,0,2
2018-03-06,28.2,77,0,2
2018-03-07,28.1,83,8888,2
2018-03-08,27.9,80,11.2,3
2018-03-09,27.7,82,9999,3
2018-03-10,28.3,79,8888,2
2018-03-11,28.4,78,0,2
2018-03-12,28.8,80,0,2
2018-03-13,27.5,80,0,2
2018-03-14,26.8,87,2.2,2
2018-03-15,27,83,15.7,2
2018-03-16,27.2,81,0.4,2
2018-03-17,27,82,17.1,2
2018-03-18,27.6,77,0,2
2018-03-19,27.8,79,0,3
2018-03-20,28.4,81,0,4
2018-03-21,28.5,77,0,2
2018-03-22,27.6,84,0,2
2018-03-23,28.4,81,34.2,2
2018-03-24,27.8,81,1.6,2
2018-03-25,27.7,83,1.3,2
2018-03-26,28.3,78,0,3
2018-03-27,27.9,80,2.4,4
2018-03-28,27.9,79,0.1,4
2018-03-29,28.9,80,0,5
2018-03-30,27.3,81,4.1,3
2018-03-31,28.6,75,0,2
2018-04-01,27.9,81,1.8,2
2018-04-02,28.2,77,0,1
2018-04-03,28.9,75,0.6,2
2018-04-04,28.7,75,0,2
2018-04-05,28.7,83,3.1,2
2018-04-06,28.5,79,0,2
2018-04-07,28,78,0,2
2018-04-08,27.8,77,0,3
2018-04-09,28.3,77,0,3
2018-04-10,28.4,80,0,3
2018-04-11,28.4,78,0,3
2018-04-12,29.3,72,0,3
2018-04-13,28.9,81,0,4
2018-04-14,29.1,82,0,3
2018-04-15,28.9,81,8888,3
2018-04-16,28.6,78,0,2
2018-04-17,27.9,82,5.6,3
2018-04-18,28.6,80,0,2
2018-04-19,27.9,80,0,3
2018-04-20,27.9,81,0,2
2018-04-21,28.1,84,0,2
2018-04-22,28.2,83,0,4
2018-04-23,29.1,78,0,4
2018-04-24,28.1,79,0,4
2018-04-25,28,77,0,3
2018-04-26,27.8,79,0,4
2018-04-27,27.3,77,0,4
2018-04-28,28.7,74,0,3
2018-04-29,27.6,77,0,3
2018-04-30,27,77,0,3
2018-05-01,27.4,74,0,2
2018-05-02,26.3,77,0,2
2018-05-03,26.6,81,0,2
2018-05-04,26.6,78,0,2
2018-05-05,27.7,80,0,3
2018-05-06,27.6,82,0,3
2018-05-07,27.7,79,0,4
2018-05-08,27.5,77,0,3
2018-05-09,27,79,0.6,5
2018-05-10,27.3,78,0,5
2018-05-11,28.6,76,0,6
2018-05-12,28.8,74,0,6
2018-05-13,28.7,77,0,6
2018-05-14,28.5,80,0,6
2018-05-15,28.5,81,0,5
2018-05-16,28,83,0,6
2018-05-17,27.7,80,0,5
2018-05-18,27.1,79,0,5
2018-05-19,27.2,80,0,5
2018-05-20,27.2,81,0,4
2018-05-21,27.4,84,0,4
2018-05-22,27.8,82,0.2,5
2018-05-23,28,80,0,5
2018-05-24,28,83,0,5
2018-05-25,28,81,0,4
2018-05-26,28.1,80,0,4
2018-05-27,27.9,79,0.7,4
2018-05-28,27.7,77,0.3,5
2018-05-29,27.5,71,8888,3
2018-05-30,26.2,79,0,3
2018-05-31,25.6,81,0,2
2018-06-01,25.8,81,0,2
2018-06-02,26.1,81,0,4
2018-06-03,27.3,81,9999,4
2018-06-04,27.5,82,0,3
2018-06-05,26.9,83,0,3
2018-06-06,26.8,81,0,2
2018-06-07,26.7,84,0,3
2018-06-08,27.2,82,0,3
2018-06-09,27.6,77,0,4
2018-06-10,27.9,80,0,5
2018-06-11,27.5,82,0,5
2018-06-12,27.6,78,0.2,3
2018-06-13,26.4,76,9999,2
2018-06-14,26,77,8888,3
2018-06-15,26.3,78,0.6,3
2018-06-16,27.2,80,0,4
2018-06-17,26.8,80,0,4
2018-06-18,26.5,83,9999,3
2018-06-19,25.9,89,0,3
2018-06-20,27.2,83,14.3,4
2018-06-21,27.3,83,8888,5
2018-06-22,27.3,79,0.5,5
2018-06-23,27.3,78,9999,5
2018-06-24,27.2,79,0,5
2018-06-25,27,76,8888,6
2018-06-26,26.9,77,0,5
2018-06-27,26.7,79,0,5
2018-06-28,26.7,76,0,4
2018-06-29,26.6,79,0,5
2018-06-30,26.6,78,0,5
2018-07-01,26.3,76,0,4
2018-07-02,26.6,79,0,3
2018-07-03,27.1,82,0,4
2018-07-04,26.9,80,9999,5
2018-07-05,26.9,67,8888,5
2018-07-06,26.5,71,0,4
2018-07-07,25.4,77,8888,4
2018-07-08,26.4,78,1,4
2018-07-09,26.6,80,8888,5
2018-07-10,26.6,71,0,5
2018-07-11,26.5,76,0,4
2018-07-12,25.6,82,1.6,5
2018-07-13,26.2,74,0,5
2018-07-14,25.8,71,0,4
2018-07-15,25.6,71,0,3
2018-07-16,25.7,76,0.5,4
2018-07-17,25.7,80,0,4
2018-07-18,26.1,80,8888,3
2018-07-19,25.5,84,0.3,3
2018-07-20,26.3,83,0,4
2018-07-21,26.9,82,0.3,3
2018-07-22,26.8,85,4.9,4
2018-07-23,26.6,81,2.4,5
2018-07-24,25.3,77,0,4
2018-07-25,24.9,77,0,3
2018-07-26,25.5,78,0,3
2018-07-27,26.2,78,0,3
2018-07-28,26.2,78,0,4
2018-07-29,26.4,76,0,4
2018-07-30,26.2,80,0,4
2018-07-31,26.5,83,0,4
2018-08-01,25.4,84,27,3
2018-08-02,25.8,66,1,3
2018-08-03,24.8,75,1.8,4
2018-08-04,25.4,72,0.2,3
2018-08-05,24.6,73,1.8,2
2018-08-06,24.6,79,5.2,4
2018-08-07,26.3,74,3.8,6
2018-08-08,26.7,78,0.2,4
2018-08-09,25.6,84,0,4
2018-08-10,25.2,85,4.5,4
2018-08-11,25.9,79,11.8,5
2018-08-12,26.1,75,0,5
2018-08-13,26.1,78,0,4
2018-08-14,25.9,82,0,4
2018-08-15,25.8,76,0,4
2018-08-16,25.9,74,0,4
2018-08-17,21.7,93,8.6,2
2018-08-18,24.8,85,11.3,4
2018-08-19,26.3,81,15.9,5
2018-08-20,26.5,79,0,4
2018-08-21,26.5,79,0,3
2018-08-22,25.8,80,0,4
2018-08-23,26.3,77,0,4
2018-08-24,26.2,68,0,3
2018-08-25,24.2,76,0,3
2018-08-26,26.3,77,0,4
2018-08-27,26.3,78,0,3
2018-08-28,25.8,83,1.3,2
2018-08-29,24.8,86,0,2
2018-08-30,24.9,82,8888,2
2018-08-31,26,82,0.7,4
2018-09-01,26.3,82,0,3
2018-09-03,24.6,80,0,2
2018-09-04,24.7,80,0,2
2018-09-05,25.8,78,7.2,2
2018-09-06,26.6,77,8888,3
2018-09-07,26.6,80,8888,3
2018-09-08,27,73,0,3
2018-09-09,26.2,77,0,3
2018-09-10,27.4,80,0,2
2018-09-11,26.6,82,0,2
2018-09-12,25.8,79,0,2
2018-09-13,25.2,75,0,2
2018-09-14,25.5,73,0,2
2018-09-15,25.2,78,0,2
2018-09-16,27.1,78,0,3
2018-09-17,27.1,79,0,2
2018-09-18,26.6,81,0,3
2018-09-19,27.2,80,8888,3
2018-09-20,27.3,80,0,3
2018-09-21,27.6,76,0,2
2018-09-22,26.4,77,0,3
2018-09-23,27.8,78,0,4
2018-09-24,28.1,76,0,4
2018-09-25,27.6,76,0,3
2018-09-26,26.6,70,0,2
2018-09-27,26.4,72,0,2
2018-09-28,27.5,71,0,2
2018-09-29,26.9,82,0,2
2018-09-30,27.4,77,0,3
2018-10-01,27.3,79,0,3
2018-10-02,27.5,75,0,5
2018-10-03,27.6,75,0,4
2018-10-04,26.6,76,0,3
2018-10-05,27.4,79,0,4
2018-10-06,28,80,0,4
2018-10-07,28,80,0,4
2018-10-08,27.9,78,0,3
2018-10-09,27.6,72,0,2
2018-10-10,27.2,79,0,2
2018-10-11,27.3,82,0,2
2018-10-12,27.3,83,0,2
2018-10-13,27,85,0,2
2018-10-14,27.2,85,0,2
2018-10-15,27.7,79,8888,3
2018-10-16,27.9,77,0,3
2018-10-17,26.9,79,0,3
2018-10-18,27,78,0,3
2018-10-19,26.9,77,0,2
2018-10-20,27,80,0,2
2018-10-21,27.6,78,0,3
2018-10-22,27.8,79,0,2
2018-10-23,27.7,81,9999,2
2018-10-24,27.7,79,0,2
2018-10-25,27.2,77,0,2
2018-10-26,27.6,78,0,2
2018-10-27,28,78,0,3
2018-10-28,26.4,80,5.5,2
2018-10-29,27.9,75,0,3
2018-10-30,28.1,73,0,2
2018-10-31,27.4,71,0,2
2018-11-01,28.5,73,0,2
2018-11-02,28.4,77,0,3
2018-11-03,29,78,0,3
2018-11-04,27.7,83,39,2
2018-11-05,27.7,87,13.7,3
2018-11-06,28.9,81,6.1,3
2018-11-07,28.1,83,8888,2
2018-11-08,27.9,85,27.2,2
2018-11-09,27.5,86,0.2,2
2018-11-10,28.1,83,0.7,2
2018-11-11,28.4,83,0,2
2018-11-12,27.6,83,10.2,2
2018-11-13,28.5,81,1.3,3
2018-11-14,28.8,81,0,3
2018-11-15,27.4,86,85.2,2
2018-11-16,28.6,82,0,2
2018-11-17,28.4,83,0,2
2018-11-18,29,83,0,4
2018-11-19,28.7,81,0,5
2018-11-20,28.4,81,0,5
2018-11-21,28.3,82,0,4
2018-11-22,29.1,74,0,3
2018-11-23,27.1,83,11.5,2
2018-11-24,26.7,85,30.5,2
2018-11-25,27.2,83,12.3,2
2018-11-26,26.6,86,3.1,2
2018-11-27,27.6,82,0.1,2
2018-11-28,27.4,87,11.4,2
2018-11-29,26,93,30.5,2
2018-11-30,27.3,84,6.7,2
2018-12-01,28.1,77,8888,2
2018-12-02,28.1,78,0.5,2
2018-12-03,26.5,88,1.4,2
2018-12-04,26.2,93,12.9,2
2018-12-05,27.7,88,2.6,2
2018-12-06,28.5,80,0,2
2018-12-07,28.8,84,36.4,3
2018-12-08,27.1,88,4.3,2
2018-12-09,28.7,84,0,2
2018-12-10,28.7,85,0,3
2018-12-11,29.2,80,0,4
2018-12-12,29.2,76,0,5
2018-12-13,29.1,78,0,4
2018-12-14,29,81,0.3,4
2018-12-15,29.2,76,0,4
2018-12-16,29.2,74,0,3
2018-12-17,29.2,72,0,3
2018-12-18,28.9,74,0,3
2018-12-19,28.4,70,8888,2
2018-12-20,27.9,78,0,2
2018-12-21,28.5,78,8888,2
2018-12-22,27.6,86,2.9,2
2018-12-23,28.2,81,12.9,3
2018-12-24,26.5,84,0.2,5
2018-12-25,26.8,82,8.6,3
2018-12-26,28.1,80,8888,5
2018-12-27,28.6,78,0,7
2018-12-28,28.9,79,0.7,8
2018-12-29,29.1,75,3.6,8
2018-12-30,28,79,4,6
2018-12-31,28.4,76,0,2
2019-01-01,28,84,3.4,5
